username,rating,title
DrGrekenstein,3172,GM
C9C9C9C9C9,3030,GM
toivok3,3035,IM
drop_stone,2977,GM
alireza2003,3101,GM
junglebook1,3049,GM
Night-King96,3015,GM
mutdpro,3062,IM
Zhigalko_Sergei,3043,GM
Vladimirovich9000,2979,GM
iamstraw,2929,GM
sumsar42,2917,GM
OhanyanEminChess,2788,FM
ZodabwitsaIM,2893,IM
SaraciNderim,2854,IM
RD4ever,2800,GM
RebeccaHarris,3005,GM
Amin_____tb,2889,GM
Platy2,2974,GM
MeneerMandje,2869,IM
samisahi,2790,IM
Blazinq,2848,FM
Riquelme93,2835,GM
Federicov93,2835,GM
EltajSafarli,2883,GM
HouseMartell,2736,FM
two64brocc,2703,FM
hitter1999,2797,GM
liczner,2762,FM
cicergross,2821,GM
umutcrazy,2806,NM
Niclox,2770,IM
Infernal_XaM,2773,GM
Arka50,2898,GM
Clown_laughing_at_u,2776,IM
Elda64,2796,GM
srinathbaggins,2691,GM
yyoochess,2738,IM
calm_and_ready,2717,IM
DenishevM,2656,FM
recapture,2853,GM
msb2,2840,GM
arystanner23,2669,IM
Arnelos,2780,GM
abrito99,2743,FM
Roshka_Yevgeniy,2716,IM
BlueGreensun,2832,GM
jonasbjerre,2720,GM
Gamebreaker2,2576,CM
rasulovvugar,2790,GM
BabaRamdev,2850,GM
ElHelvetico,2607,GM
PabloTapie,2529,FM
Convchess,2754,IM
Durarbayli,2713,GM
Gabix94,2669,GM
Dr-CRO,2699,GM
nfds,2634,FM
skif134,2656,IM
KennediKen,2602,WIM
ragetilt,2647,FM
juancruzariasTDF,2643,CM
PlayForWinAlways,2571,CM
kapaccino,2717,IM
arnikka89,2555,FM
Sidonya,2539,NM
Gannikus21,2641,GM
EricRosen,2650,IM
Lex6699,2523,FM
harsha15,2545,IM
mbodek,2727,IM
vangulio,2650,IM
Afisky,2682,NM
dmitrijiiiGM,2646,CM
DarkKnight97,2650,GM
magicstar12,2772,FM
Leon009,2648,GM
A_H_Kashefi,2468,FM
MahammadMuradli2003,2712,IM
caching,2766,GM
Umumba,2573,FM
goofypenguin,2595,IM
Tigran-Harutyunyan,2575,GM
Ward-Tsh,2554,FM
Chessfis,2714,FM
Roaccutane,2690,NM
xasid,2506,IM
VladimirSakun,2587,FM
adnan_nn,2555,FM
Hovik7,2666,GM
LazyCat11,2504,IM
titan00013,2622,GM
Maltinho,2593,IM
Buscapina,2486,FM
aradhyagarg2000,2588,FM
SpeedMonkey,2667,FM
Kingscrusher-YouTube,2535,CM
Patzel,2629,IM
mrataque,2471,FM
ENajer,2640,GM
Partosian,2577,FM
Bashirli,2714,IM
munster1,2549,FM
Marty83,2521,FM
santyaga2020,2485,FM
xamax2000,2794,GM
A_Kukhmazov,2703,IM
Maurevert,2634,GM
Skillcam,2582,CM
Krestik,2489,WFM
maxip32,2529,IM
VladislavKrasikov_FM,2685,FM
hansontwitch,2705,GM
Frutek,2513,IM
CROSSOVER3,2523,NM
Maestro_Isa,2514,FM
Barbikusz,2492,WIM
xkusagi,2435,NM
Misi_95,2711,GM
Ashot2001,2582,IM
slabachok12,2545,FM
satranc777,2491,CM
Chopper1905,2818,GM
Johnking,2734,IM
betheking,2763,GM
grandmaster323,2469,CM
HackingKid98,2475,FM
Chesspirate_Channel,2487,NM
xberli,2406,FM
mauroampie,2540,FM
Free_Dragon,2492,IM
Denizcan61,2505,NM
Alexr58,2469,IM
EXCELADDIKT,2464,FM
Kastorcito,2707,GM
Eyesless18,2822,GM
SalainenErik,2502,FM
SwamiChaturanga,2528,NM
Gerodot71,2509,FM
djano,2484,FM
gravereaper,2700,IM
Disturbed01,2659,FM
Nozdrachev_Leonid,2476,IM
chiyabuddha,2517,WIM
MLev0907,2415,CM
Ediz2,2694,CM
Ch1llax,2690,IM
FirstKnight,2605,IM
juanchesst,2496,FM
Henry_Onyekuru_21,2468,CM
Kanthecarowin,2462,NM
Hayk_Yeritsyann,2423,FM
Mikhailov_Viacheslav,2622,IM
supergelo12,2481,IM
The_Machine04,2454,FM
franksa,2434,FM
FanniBanni,2363,FM
SmokedGray,2395,IM
nightfox,2507,NM
strawberry11,2431,WIM
getme-a-username,2435,FM
ajedrez11,2400,FM
dmitrij_IM,2815,GM
Ali_rastbod,2679,FM
larso,2635,IM
kmilooo,2658,GM
Bibekthing,2339,CM
Din-don-dan,2344,FM
diablanni,2349,CM
Kostukov_Alex,2294,NM
chessiandoCEO,2632,GM
jonaszmb,2503,IM
lopatka1234,2320,FM
Mortn,2370,FM
BahadirOzen,2802,IM
rus_pressF,2658,IM
Attila76,2370,FM
T2016,2416,FM
Aronian1111,2376,IM
pigonthewing,2701,GM
skavpl,2437,FM
pesotskiymikhail,2336,FM
Dragonprem,2402,FM
Chernov_M,2358,FM
laguun,2614,FM
DMKey,2559,IM
WB2019,2404,FM
pultis12,2736,GM
RetiLangweiler,2654,FM
Black_Winter_Day,2405,IM
papasi,2705,CM
Donskov_AV,2454,FM
HelgeA,2393,IM
shak-tank,2466,FM
rickyrich,2309,NM
elm20o7,2629,CM
PchelkinVK,2577,CM
AghasiyevKamal,2589,IM
e4-f4,2338,FM
TrushFc,2537,IM
Alexgo05,2513,FM
karinachess11,2474,WGM
zorch81,2236,NM
Samjrao,2308,CM
CainMarko,2582,FM
VadimCernov,2433,IM
VladikSidorika,2367,FM
Cuajada_Zero,2359,CM
BrutneySpears,2301,CM
chessajedrezz2020,2646,IM
l-____-l,2637,NM
PowerThinking2650,2388,IM
elfioro,2376,IM
UmarovSabir,2290,IM
Joqueen90,2188,WFM
Ranindu___chess,2553,CM
Gahan-MG,2636,FM
kaffrchik,2458,FM
ChSalas,2458,FM
Proteuo,2405,FM
WattSchrott,2330,FM
manitodeplomo,2430,IM
CronosL,2289,CM
tomikapi2,2558,FM
AbdUllah1989,2336,CM
Duochess,2303,WFM
Lioni26,2400,IM
gmroedor,2353,CM
Boris_Soltis,2646,FM
Crest64,2595,GM
geordie,2519,NM
ShcufNaiRolf,2408,FM
rikchess,2181,FM
Jaqueline142,2301,WCM
OlgaGut,2310,WIM
ajedrez11b,2206,CM
AnnaSchach,2166,WIM
Olaffo,2640,CM
Hariputter,2582,FM
malybalaganiarz,2266,WIM
Prohorov_Olexandr123,2146,FM
MPGM,2633,IM
GoValya,2296,WGM
knyazmyshkin,2300,FM
Funkmaus,2249,WFM
DrVelja,2814,GM
SuryaYuanaSMN,2421,NM
kiflaaa,2581,FM
wannabe2700,2695,IM
baguliches,2622,FM
makeareason,2538,FM
Ashiev_Eduard,2171,FM
IQc2Ng5,2217,NM
Vuk00,2785,IM
Stormeman100100,2550,FM
Rahman2017,2467,FM
Artem_Sadovsky,2525,IM
UntilItIsOtherwise,2471,NM
Fischerev72,2283,NM
rachidhuilda,2182,CM
greennight,2766,IM
Butlerpigeon99,2523,FM
HooCee,2540,FM
dragan961,2274,IM
Euge_chess,2278,WFM
Federtiu,2661,GM
pasteta,2508,FM
tritarov1960,2386,IM
lekoSMA,2345,NM
chiwii,2310,WCM
mkoganov,2299,NM
AAponte,2231,CM
DiiDaa45,2171,WFM
Astramariy,2826,IM
coluichenontiaspetti,2579,IM
ly4o,2639,FM
Cayden52,2510,NM
Al_Shima,2404,FM
Sjakkerntobi,2462,CM
borobudur70,2659,GM
SF-46,2562,FM
GodDMuhammad,2422,NM
rdm89,2435,FM
huachiminga,2180,WFM
inhocsignovinces73,2184,NM
HrvojeZagreb,2157,CM
shineatchess,2103,IM
Paulo_Dias,2195,IM
pasino,2733,IM
jlandaw,2516,FM
Ramyres,2128,WFM
enpassant128,2247,FM
dozer01,2564,IM
Albertstainit,2396,FM
macko06,2450,FM
cucumber4,2434,CM
yeyktruyol,2121,CM
Sergejs_Klimakovs,2436,FM
ubiq,2210,FM
zenych,2090,WFM
Olenahess,2026,WIM
DamianLew95,2432,IM
napolinicolo,2500,FM
PotapovaM,2526,WIM
Ekaterina2,2249,WFM
crusher64,2319,IM
Nikotheo,2861,IM
DuccDuccDucc,2600,FM
SD63,2558,FM
picklebick,2566,NM
HSGM,2474,FM
PhantomAnton,2404,NM
Philosopherr,2412,FM
dmitry-lavrik,2650,IM
SargisM,2416,FM
Ubiyca,2450,FM
Accjgm980523,2377,IM
AitorRO,2321,FM
Drvitman,2563,GM
behappii,2418,WFM
ethereumclassic,2644,GM
SashaGelman,2559,IM
facu14101998,2497,NM
Northridgehawk,2390,NM
ummi_fisabill,2401,WIM
haychesspoker,2082,FM
medinapaz,2137,IM
Arnold-2005,2579,FM
Careless_Subroto,2390,FM
Konstantin_Bazarov,2394,FM
vampirenergetik,2061,IM
zonrobla,2729,GM
IGMGataKamsky,2625,GM
ebijo,2355,FM
turkmenchess,2322,NM
HelloItsDimitri,2525,IM
Cafeschopenhauer,2147,FM
oanda,2401,FM
SGabor89,2419,FM
chessplayer1964,2257,NM
ajam73,2126,WIM
PauloCesarCosta,2026,NM
Kuban23,2663,IM
VladimirBelous,2745,GM
shrekdavid,2752,IM
csati17,2674,FM
PavelMart,2553,FM
DuruDido,2562,CM
fussi,2239,FM
Dannyyi,2226,FM
Serendipity4Me,1978,WFM
Renehp,2332,FM
chesskid111,2462,NM
Quest_to_3000,2532,FM
rodionolya,2154,WIM
Olga_Zhuravleva,2205,WIM
EnDsOnLiMaRR,2157,CM
Terminator2018,2127,CM
KaanC,2499,NM
karsligalip,2227,NM
Martini99,2552,IM
invencible99,2433,FM
Boglad,2331,CM
IljaSir,2428,IM
dEadpoOlshIkAmarU,2160,CM
LuisMarini,2395,IM
TimeToShine,2468,FM
JRenatoMaranhao,2206,NM
Michelle7,2041,WIM
GGplayer,2408,FM
AFAZ,2514,CM
sahberk,2564,CM
Enchanteur,2226,WFM
hAnN18Al,2037,FM
TheRedKing89,2647,GM
Azde,2385,CM
Mc_Facker,2371,IM
Cresswell,2589,FM
chika3000,2483,CM
Hadza_3,2377,FM
HanSchut,2210,NM
jjromero,2467,IM
eldidi,2434,NM
Printezis04,2487,FM
ben13,2205,NM
Piejonk,2262,NM
legato,2300,FM
tunacem,2139,CM
DrBendeguz,1666,CM
Manafov_Vugar,2694,FM
WEPKINS,2336,FM
piscatorox,2339,CM
TackoFall,2494,FM
Mishka_The_Great,2658,FM
ZibbitVideos,2590,FM
Oresto,2442,FM
ditkin,2467,NM
Anchkaaaaa,2379,WFM
RiddhiPatel,2050,WCM
reebook,2101,NM
DonMateo85,2747,GM
DemeterDorina,2215,WFM
Vasily_Malyshev,2518,IM
pochtalionPechkin,2531,GM
GoodFellas1903,2621,FM
dau_npukypumb,2714,FM
MarveFleksnes,2760,GM
Rud_Makarian,2630,IM
Urochess,2297,FM
Misha_Melnichuk,2463,NM
Larciano,1987,WFM
MAMAYOQUIERO,2026,FM
alawwyaka,1867,CM
Klavdia_Nik,1840,WGM
limerik,2199,FM
katarinaostojic,2279,WFM
Quesigaelquepase,2078,IM
L04d1ng,2831,GM
leplusM,2583,IM
universe64,2537,NM
Olegator712,2429,FM
RonenHarZvi,2708,GM
ChessFromMars,2445,IM
DavidcabTOP9,2322,CM
Chempiblinka,2137,WFM
Paulobac,1794,WFM
ClaudiaAmura,1879,WGM
Thekingdoctor,2347,FM
paleraven,2447,FM
AyelenMartinez,2284,WIM
DmitryMazanchenko,2145,FM
zeldol,2119,WFM
amchamp2000,1815,FM
klimkoj,2532,FM
batuhannozen,2340,CM
ItalianMachine,2327,NM
Smirnov85,2449,FM
malkalmardgh,2105,CM
imivangalic,2302,IM
chaturangadasa,2414,FM
Mennyhagen,2335,CM
garnek123,2518,FM
MohammedElsayed,2264,FM
cubanoases,2127,IM
JMlaamenaza,2289,FM
walchess,2016,NM
sebastiano1908,2512,FM
leafbewildered,2143,WFM
Rish1756,2783,IM
rudyqq,2145,CM
Al-Mudahka,2702,GM
emheyturq,2488,FM
andrewrun,2395,NM
ExploringChess,2524,IM
jeffforever,2527,FM
Minoli,2575,IM
ecwinslow,2100,IM
Lekelementos,2270,FM
skoyen99,2025,FM
killer311,2528,FM
SergIomiguel,2230,FM
Wilsonpalencia,2354,IM
EdgarRodrigues,2374,FM
patito2014,2271,CM
Chesstoday,2899,GM
darkghoul,2892,IM
Khalilmousavii,2853,IM
Ratkovic_Miloje,2775,GM
Jasugi99,2833,NM
yesaiedo,2833,FM
fireanigirl,2832,FM
gon_freecs123,2823,IM
Poudini,2800,GM
Abik02,2800,IM
Rekcul,2780,FM
KingHarii,2769,IM
blitzbullet,2756,NM
djamir,2750,FM
UzbekTiger63,2738,GM
kutiktau,2737,GM
AndreyKvon,2723,GM
AlexTriapishko,2710,IM
AgileSloth,2706,GM
Artem_0degov,2702,FM
hessed26,2695,GM
Avenger82,2688,FM
RomanianForce,2687,IM
Bryakin_Mikhail,2679,IM
DG_001,2654,FM
rkurayan,2643,IM
Roman_Yanchenko,2633,FM
mazetofonias,2630,FM
StiffMaster1,2629,IM
okchess1,2622,FM
Lukianoo,2620,GM
Rybka89,2605,GM
Computercheat,2605,FM
sashadav,2603,IM
Gerodot95,2592,NM
MrOlka,2584,GM
Moksh16,2583,IM
SuperJesus88,2570,IM
Suleyman_Chess06,2563,CM
kirill_kopyonkin,2559,FM
zim36,2558,CM
RafaelCorado,2557,CM
double11,2554,GM
erka1118,2554,FM
Trentosk,2532,IM
viratTheRoss,2529,CM
Rasul_Musaev,2516,FM
CombativeEnemy,2514,FM
Fusik1,2508,FM
ChocoFavour,2505,CM
Unicornz,2503,NM
tactinhos2900,2501,FM
sodabread,2500,CM
Revan_2002,2487,FM
rolly9891,2480,NM
Cofi7,2474,FM
ald2,2474,FM
Mannysen,2473,IM
PusheenMeow,2467,CM
MrKokoba,2467,FM
sabrina_humaira,2457,WFM
ScaryClown_Pennywise,2450,FM
NIKiler,2447,IM
guillembaches,2441,IM
Atilla_Eynullayev,2440,FM
Parkour1,2438,IM
suddenly_sad,2423,FM
Patonotucupi,2420,CM
Diaschess88,2418,FM
d-pawn,2407,CM
DefiantChair,2404,FM
Fortitudine,2403,NM
xEsLu,2402,FM
Oladipo30,2382,FM
h3nrique,2379,NM
gvzade,2372,IM
Macrofago,2850,GM
pablinpayasin12,2361,CM
Yeghiazaryan89,2352,FM
tandaleo,2349,FM
leochecker,2346,FM
khayala_13,2334,WGM
Minty0209,2334,WFM
JosephTruelsonRAR,2320,NM
hectorluis2019,2318,FM
imnow,2318,WGM
chechess888,2316,FM
Reynold9402,2316,FM
Rasputin20202,2305,FM
Nersisyan_Garnik,2300,CM
Escudeyro,2299,CM
MrSuccess,2296,IM
CheKarloz,2273,NM
dfantini,2266,WFM
EminovOrkhan,2500,FM
lexydim,2233,WGM
CrispinKream,2228,CM
Jorge2400,2209,FM
anam_jeddut,2208,NM
ahmedotaleb,2207,CM
nonsopolo,2206,FM
Janou,2199,NM
kasparicy,2185,FM
clnm08042015,2177,CM
Queen_Ah,2171,WCM
Paradise2020,2162,CM
Sultai,2158,CM
Chigorinez,2363,IM
csabcsab,2103,FM
Eugenerougon,2738,IM
JThybo,2590,GM
Milchone,2061,IM
Shahistja,2040,WFM
majarimx,2025,CM
Jobito,2004,CM
sm_sharon,1958,CM
LEV2310,2448,CM
irakliberadze,2706,IM
HarryHotspur,1941,FM
alwaysplanahead,2279,NM
Gonest1998,2377,IM
tigress123,1913,WIM
eibanezt,2153,FM
Pacothelegend,2385,FM
AusHoin,2321,FM
Mohammadian75,1384,FM
Nefe,1751,NM
j_coca,2208,CM
Felix_Kuznetsov,2544,FM
czasnaszachy,2333,FM
Antonio96,2289,NM
Jules2021,1757,WCM
gerrygm,1500,GM
DianaDarchia,1500,WGM
anonymus_123,2308,CM
